date,campaign,channel, spend_usd , revenue_usd ,roi_percent,clicks,conversions,,
01/07/2025,Lead Gen,Google Ads," $1,990.40 "," $4,742.38 ",13826%,609,389,,
01/07/2025,Product Launch,Meta Ads, $590.71 ," $2,590.19 ",33849%,1879,356,,
01/07/2025,Brand Awareness,TikTok Ads," $1,374.66 "," $3,293.99 ",13962%,7559,311,,
01/07/2025,Product Launch,LinkedIn Ads, $851.45 ," $1,749.73 ",10550%,634,297,,
01/07/2025,Lead Gen,Email Marketing, $443.43 , $588.93 ,3281%,7112,26,,
02/07/2025,Retargeting,TikTok Ads, $420.64 ," $1,641.82 ",29031%,5003,434,,
02/07/2025,Retargeting,Google Ads," $2,324.66 "," $7,014.06 ",20172%,2815,367,,
02/07/2025,Brand Awareness,Email Marketing," $1,205.14 "," $2,816.94 ",13374%,5835,319,,
02/07/2025,Holiday Promo,LinkedIn Ads," $2,243.25 "," $12,078.55 ",43844%,8985,73,,
02/07/2025,Brand Awareness,Meta Ads, $635.34 ," $1,015.79 ",5988%,5714,62,,
03/07/2025,Retargeting,Meta Ads," $2,958.62 "," $4,835.29 ",6343%,4014,453,,
03/07/2025,Product Launch,LinkedIn Ads," $2,076.49 "," $8,161.45 ",29304%,1369,321,,
03/07/2025,Product Launch,TikTok Ads," $2,241.56 "," $6,347.33 ",18317%,2877,246,,
03/07/2025,Lead Gen,Email Marketing," $1,469.55 "," $4,102.66 ",17918%,6177,93,,
03/07/2025,Retargeting,Google Ads," $1,816.59 "," $7,345.26 ",30434%,1339,33,,
04/07/2025,Holiday Promo,LinkedIn Ads," $2,035.23 "," $10,445.93 ",41326%,6682,462,,
04/07/2025,Lead Gen,Email Marketing, $385.33 ," $1,651.92 ",32870%,9492,458,,
04/07/2025,Brand Awareness,Google Ads, $814.92 ," $3,670.19 ",35037%,5513,441,,
04/07/2025,Retargeting,Meta Ads, $841.33 ," $2,150.82 ",15565%,725,422,,
04/07/2025,Product Launch,TikTok Ads, $600.04 ," $2,642.25 ",34035%,2487,136,,
05/07/2025,Brand Awareness,TikTok Ads," $1,681.52 "," $8,832.10 ",42525%,9264,450,,
05/07/2025,Holiday Promo,Email Marketing," $2,611.09 "," $4,929.54 ",8879%,2704,331,,
05/07/2025,Brand Awareness,Meta Ads," $1,213.59 "," $4,031.69 ",23221%,2466,270,,
05/07/2025,Holiday Promo,Google Ads, $935.68 ," $4,735.14 ",40606%,9777,229,,
05/07/2025,Holiday Promo,LinkedIn Ads," $1,869.95 "," $7,035.35 ",27623%,6504,205,,
06/07/2025,Product Launch,TikTok Ads," $2,335.03 "," $10,619.94 ",35481%,9037,498,,
06/07/2025,Retargeting,Google Ads," $2,108.79 "," $4,950.06 ",13473%,8997,394,,
06/07/2025,Retargeting,LinkedIn Ads," $2,556.67 "," $5,254.77 ",10553%,8517,321,,
06/07/2025,Retargeting,Email Marketing," $2,921.29 "," $14,969.57 ",41243%,3127,269,,
06/07/2025,Retargeting,Meta Ads, $512.35 ," $1,614.42 ",21510%,7323,90,,
07/07/2025,Holiday Promo,LinkedIn Ads," $2,938.36 "," $5,115.01 ",7408%,8927,402,,
07/07/2025,Brand Awareness,Email Marketing," $2,851.46 "," $9,380.62 ",22898%,1603,384,,
07/07/2025,Retargeting,Google Ads," $2,771.78 "," $3,558.27 ",2837%,5510,260,,
07/07/2025,Product Launch,TikTok Ads," $2,851.18 "," $9,890.74 ",24690%,2905,145,,
07/07/2025,Product Launch,Meta Ads," $2,660.42 "," $3,855.16 ",4491%,5238,132,,
08/07/2025,Lead Gen,Google Ads," $1,384.79 "," $4,873.04 ",25190%,3670,485,,
08/07/2025,Holiday Promo,Meta Ads," $2,196.26 "," $8,772.91 ",29945%,6737,353,,
08/07/2025,Lead Gen,LinkedIn Ads," $1,146.64 "," $2,510.56 ",11895%,9838,293,,
08/07/2025,Brand Awareness,TikTok Ads, $220.13 , $327.95 ,4898%,1164,127,,
08/07/2025,Brand Awareness,Email Marketing," $2,718.92 "," $6,161.06 ",12660%,7597,71,,
09/07/2025,Holiday Promo,Email Marketing," $1,813.39 "," $5,864.11 ",22338%,4181,411,,
09/07/2025,Product Launch,Meta Ads, $799.86 ," $4,177.44 ",42227%,2367,380,,
09/07/2025,Brand Awareness,TikTok Ads," $1,351.09 "," $5,417.68 ",30099%,1087,354,,
09/07/2025,Holiday Promo,LinkedIn Ads, $733.15 ," $2,238.69 ",20535%,1788,347,,
09/07/2025,Holiday Promo,Google Ads," $2,606.98 "," $5,796.41 ",12234%,1360,273,,
10/07/2025,Lead Gen,TikTok Ads," $2,540.88 "," $11,282.35 ",34403%,1728,484,,
10/07/2025,Holiday Promo,Email Marketing, $979.93 ," $5,066.28 ",41700%,4292,457,,
10/07/2025,Lead Gen,Google Ads, $369.72 ," $1,813.55 ",39052%,5759,419,,
10/07/2025,Lead Gen,Meta Ads, $736.45 ," $1,327.66 ",8028%,8986,239,,
10/07/2025,Product Launch,LinkedIn Ads," $2,462.46 "," $3,490.61 ",4175%,9216,60,,
11/07/2025,Retargeting,TikTok Ads," $2,912.39 "," $10,284.93 ",25314%,9689,386,,
11/07/2025,Holiday Promo,Google Ads, $665.67 ," $1,410.63 ",11191%,8156,256,,
11/07/2025,Holiday Promo,Meta Ads," $2,726.84 "," $3,297.48 ",2093%,2897,204,,
11/07/2025,Product Launch,Email Marketing, $942.57 ," $2,845.55 ",20189%,7654,156,,
11/07/2025,Lead Gen,LinkedIn Ads," $2,053.24 "," $4,140.48 ",10166%,8173,89,,
12/07/2025,Retargeting,TikTok Ads," $2,040.64 "," $5,224.83 ",15604%,9460,277,,
12/07/2025,Product Launch,Google Ads, $360.06 ," $1,210.61 ",23622%,9771,254,,
12/07/2025,Product Launch,Email Marketing," $1,866.10 "," $3,201.32 ",7155%,4053,216,,
12/07/2025,Brand Awareness,Meta Ads, $640.81 ," $3,114.83 ",38608%,8520,51,,
12/07/2025,Holiday Promo,LinkedIn Ads, $889.40 ," $3,436.06 ",28633%,9940,30,,
13/07/2025,Brand Awareness,LinkedIn Ads," $1,616.48 "," $4,365.69 ",17007%,2370,487,,
13/07/2025,Brand Awareness,Meta Ads," $2,080.73 "," $5,325.76 ",15596%,5115,244,,
13/07/2025,Product Launch,TikTok Ads," $2,661.96 "," $4,999.99 ",8783%,6254,155,,
13/07/2025,Lead Gen,Google Ads, $771.93 ," $1,807.97 ",13421%,5347,132,,
13/07/2025,Lead Gen,Email Marketing, $226.08 , $342.52 ,5150%,9424,61,,
14/07/2025,Retargeting,Meta Ads," $1,038.26 "," $5,166.33 ",39760%,1897,490,,
14/07/2025,Brand Awareness,TikTok Ads," $1,615.15 "," $8,245.48 ",41051%,4314,473,,
14/07/2025,Retargeting,Email Marketing, $523.20 ," $1,872.46 ",25789%,1953,390,,
14/07/2025,Retargeting,LinkedIn Ads, $988.92 ," $2,644.75 ",16744%,3650,377,,
14/07/2025,Product Launch,Google Ads," $2,169.91 "," $8,835.47 ",30718%,8866,14,,
15/07/2025,Brand Awareness,Google Ads, $458.44 ," $1,095.55 ",13897%,7139,434,,
15/07/2025,Brand Awareness,Email Marketing," $2,275.45 "," $6,915.21 ",20391%,9238,371,,
15/07/2025,Lead Gen,Meta Ads," $1,133.96 "," $6,138.27 ",44131%,2343,336,,
15/07/2025,Retargeting,LinkedIn Ads, $513.25 , $695.41 ,3549%,2642,289,,
15/07/2025,Retargeting,TikTok Ads," $1,831.03 "," $3,200.67 ",7480%,2626,230,,
16/07/2025,Lead Gen,Email Marketing," $2,926.74 "," $15,214.62 ",41985%,2732,483,,
16/07/2025,Lead Gen,Google Ads," $1,221.02 "," $3,343.86 ",17386%,853,470,,
16/07/2025,Lead Gen,LinkedIn Ads," $2,933.38 "," $8,720.55 ",19729%,3100,461,,
16/07/2025,Lead Gen,TikTok Ads," $2,262.38 "," $11,770.05 ",42025%,5642,410,,
16/07/2025,Holiday Promo,Meta Ads," $2,067.41 "," $7,458.18 ",26075%,5994,409,,
17/07/2025,Brand Awareness,Email Marketing, $824.19 ," $2,152.39 ",16115%,3364,214,,
17/07/2025,Holiday Promo,Google Ads, $947.06 ," $4,688.25 ",39503%,1971,205,,
17/07/2025,Lead Gen,Meta Ads, $822.81 ," $2,067.16 ",15123%,7741,189,,
17/07/2025,Holiday Promo,LinkedIn Ads," $2,907.29 "," $11,508.13 ",29584%,4773,189,,
17/07/2025,Brand Awareness,TikTok Ads," $2,102.65 "," $11,015.19 ",42387%,8985,179,,
18/07/2025,Product Launch,LinkedIn Ads, $732.22 ," $2,251.61 ",20750%,927,372,,
18/07/2025,Lead Gen,TikTok Ads," $2,791.61 "," $11,985.91 ",32935%,9021,361,,
18/07/2025,Retargeting,Meta Ads, $307.12 , $825.06 ,16864%,9974,232,,
18/07/2025,Retargeting,Google Ads," $2,655.71 "," $9,816.93 ",26965%,4479,101,,
18/07/2025,Product Launch,Email Marketing," $1,421.90 "," $4,061.43 ",18563%,8579,69,,
19/07/2025,Retargeting,Google Ads," $1,219.82 "," $4,947.86 ",30562%,1346,495,,
19/07/2025,Product Launch,Meta Ads," $1,944.84 "," $9,860.73 ",40702%,2241,378,,
19/07/2025,Holiday Promo,TikTok Ads," $2,096.49 "," $7,646.22 ",26472%,3051,325,,
19/07/2025,Holiday Promo,LinkedIn Ads," $1,752.35 "," $7,113.13 ",30592%,3343,225,,
19/07/2025,Retargeting,Email Marketing," $1,066.00 "," $3,123.72 ",19303%,6891,177,,
20/07/2025,Brand Awareness,TikTok Ads," $2,083.83 "," $4,284.89 ",10563%,3880,422,,
20/07/2025,Product Launch,Email Marketing," $1,631.29 "," $2,552.35 ",5646%,2980,347,,
20/07/2025,Lead Gen,Meta Ads," $2,400.12 "," $7,439.60 ",20997%,5479,248,,
20/07/2025,Holiday Promo,Google Ads," $1,734.22 "," $4,220.62 ",14337%,206,165,,
20/07/2025,Lead Gen,LinkedIn Ads," $2,058.79 "," $9,715.88 ",37192%,5691,57,,
21/07/2025,Lead Gen,LinkedIn Ads," $2,699.45 "," $8,174.28 ",20281%,1946,408,,
21/07/2025,Brand Awareness,Google Ads, $329.40 ," $1,598.87 ",38539%,7984,322,,
21/07/2025,Lead Gen,TikTok Ads," $2,451.51 "," $3,471.19 ",4159%,8686,247,,
21/07/2025,Holiday Promo,Meta Ads," $1,475.17 "," $6,326.84 ",32889%,9631,109,,
21/07/2025,Brand Awareness,Email Marketing," $1,584.26 "," $6,370.39 ",30211%,4197,85,,
22/07/2025,Product Launch,TikTok Ads, $925.74 ," $3,649.22 ",29419%,4250,440,,
22/07/2025,Holiday Promo,LinkedIn Ads," $1,448.56 "," $7,104.36 ",39044%,2807,390,,
22/07/2025,Holiday Promo,Meta Ads," $2,069.22 "," $5,306.27 ",15644%,9357,314,,
22/07/2025,Holiday Promo,Google Ads," $2,768.92 "," $4,910.29 ",7734%,2188,243,,
22/07/2025,Product Launch,Email Marketing," $1,915.43 "," $9,139.37 ",37714%,8470,228,,
23/07/2025,Product Launch,TikTok Ads, $374.34 ," $1,905.69 ",40908%,7083,209,,
23/07/2025,Lead Gen,Email Marketing, $587.45 ," $2,457.88 ",31840%,3988,206,,
23/07/2025,Holiday Promo,LinkedIn Ads, $379.84 ," $1,342.06 ",25332%,6878,179,,
23/07/2025,Brand Awareness,Meta Ads, $856.58 ," $4,317.18 ",40400%,5702,173,,
23/07/2025,Retargeting,Google Ads," $1,556.87 "," $4,812.99 ",20915%,4119,150,,
24/07/2025,Holiday Promo,Meta Ads," $1,265.07 "," $3,431.58 ",17126%,296,492,,
24/07/2025,Product Launch,Google Ads," $2,848.97 "," $14,207.31 ",39868%,520,448,,
24/07/2025,Product Launch,Email Marketing," $2,589.65 "," $11,431.54 ",34143%,7065,285,,
24/07/2025,Holiday Promo,LinkedIn Ads," $2,439.63 "," $5,229.38 ",11435%,3813,259,,
24/07/2025,Holiday Promo,TikTok Ads," $1,559.80 "," $6,357.99 ",30762%,6571,182,,
25/07/2025,Product Launch,Google Ads," $2,227.71 "," $3,895.82 ",7488%,7857,480,,
25/07/2025,Brand Awareness,Meta Ads," $1,695.55 "," $6,149.57 ",26269%,6655,313,,
25/07/2025,Retargeting,LinkedIn Ads, $340.80 , $719.14 ,11102%,6411,177,,
25/07/2025,Holiday Promo,TikTok Ads," $1,145.00 "," $5,076.52 ",34336%,6411,152,,
25/07/2025,Lead Gen,Email Marketing, $435.05 ," $2,143.69 ",39275%,7222,79,,
26/07/2025,Retargeting,TikTok Ads," $2,853.72 "," $6,568.83 ",13018%,7819,368,,
26/07/2025,Product Launch,LinkedIn Ads, $626.67 ," $2,555.98 ",30787%,2268,252,,
26/07/2025,Product Launch,Google Ads, $906.36 ," $1,163.18 ",2834%,1541,250,,
26/07/2025,Brand Awareness,Meta Ads, $345.84 ," $1,381.85 ",29956%,5933,124,,
26/07/2025,Product Launch,Email Marketing," $2,311.85 "," $11,116.96 ",38087%,4251,112,,
27/07/2025,Holiday Promo,Meta Ads, $502.68 ," $1,277.52 ",15414%,620,485,,
27/07/2025,Brand Awareness,LinkedIn Ads, $485.32 ," $2,010.35 ",31423%,5141,445,,
27/07/2025,Product Launch,TikTok Ads," $2,429.44 "," $3,344.36 ",3766%,9472,410,,
27/07/2025,Retargeting,Google Ads, $669.81 ," $3,163.51 ",37230%,2076,408,,
27/07/2025,Lead Gen,Email Marketing," $1,310.63 "," $4,909.65 ",27460%,3449,48,,
28/07/2025,Holiday Promo,Meta Ads, $235.43 , $778.77 ,23079%,7082,431,,
28/07/2025,Lead Gen,Email Marketing," $2,890.21 "," $5,369.61 ",8579%,7732,372,,
28/07/2025,Product Launch,LinkedIn Ads," $2,254.63 "," $10,540.97 ",36753%,4625,325,,
28/07/2025,Product Launch,TikTok Ads," $2,369.00 "," $11,254.31 ",37507%,7816,233,,
28/07/2025,Retargeting,Google Ads," $1,399.46 "," $4,724.06 ",23756%,6271,45,,
29/07/2025,Retargeting,Google Ads, $951.51 ," $4,965.81 ",42189%,4222,435,,
29/07/2025,Product Launch,Meta Ads," $2,668.57 "," $8,534.74 ",21982%,4195,394,,
29/07/2025,Product Launch,TikTok Ads, $983.04 ," $4,899.93 ",39845%,9967,369,,
29/07/2025,Retargeting,LinkedIn Ads, $709.15 ," $3,283.85 ",36307%,3675,191,,
29/07/2025,Retargeting,Email Marketing," $2,070.93 "," $6,886.91 ",23255%,5711,24,,
30/07/2025,Holiday Promo,Meta Ads," $1,568.02 "," $5,091.68 ",22472%,4137,363,,
30/07/2025,Holiday Promo,LinkedIn Ads," $2,137.00 "," $7,908.37 ",27007%,5216,349,,
30/07/2025,Product Launch,TikTok Ads," $1,749.72 "," $9,598.12 ",44855%,5832,227,,
30/07/2025,Holiday Promo,Email Marketing," $1,454.89 "," $3,586.61 ",14652%,482,57,,
30/07/2025,Holiday Promo,Google Ads, $228.42 , $511.17 ,12379%,3330,53,,
31/07/2025,Retargeting,LinkedIn Ads, $974.20 ," $3,366.78 ",24559%,9859,399,,
31/07/2025,Product Launch,Meta Ads, $537.84 , $921.90 ,7141%,3355,171,,
31/07/2025,Lead Gen,TikTok Ads," $2,945.43 "," $6,415.67 ",11782%,3380,161,,
31/07/2025,Lead Gen,Google Ads," $1,126.22 "," $2,836.36 ",15185%,7634,148,,
31/07/2025,Holiday Promo,Email Marketing," $2,862.46 "," $6,098.34 ",11305%,3233,108,,
01/08/2025,Holiday Promo,Meta Ads," $1,749.41 "," $8,632.26 ",39344%,2268,336,,
01/08/2025,Holiday Promo,Email Marketing, $487.25 ," $1,180.44 ",14227%,400,303,,
01/08/2025,Product Launch,TikTok Ads, $519.44 ," $1,721.69 ",23145%,1270,215,,
01/08/2025,Brand Awareness,Google Ads," $1,046.35 "," $2,489.83 ",13795%,8951,74,,
01/08/2025,Holiday Promo,LinkedIn Ads," $1,433.31 "," $3,276.06 ",12857%,3220,36,,
02/08/2025,Holiday Promo,LinkedIn Ads," $2,743.81 "," $10,236.22 ",27307%,5071,450,,
02/08/2025,Holiday Promo,Email Marketing," $1,897.69 "," $6,541.45 ",24471%,3897,407,,
02/08/2025,Brand Awareness,TikTok Ads," $1,055.06 "," $5,621.85 ",43285%,1186,322,,
02/08/2025,Holiday Promo,Meta Ads," $2,857.55 "," $4,884.53 ",7093%,1595,137,,
02/08/2025,Product Launch,Google Ads," $1,962.45 "," $3,613.95 ",8416%,1078,87,,
03/08/2025,Product Launch,TikTok Ads," $2,124.68 "," $9,778.55 ",36024%,4534,413,,
03/08/2025,Brand Awareness,LinkedIn Ads," $1,006.69 "," $4,929.07 ",38963%,4832,369,,
03/08/2025,Brand Awareness,Google Ads," $2,853.25 "," $6,012.96 ",11074%,3604,330,,
03/08/2025,Brand Awareness,Meta Ads, $639.76 , $974.21 ,5228%,3047,292,,
03/08/2025,Lead Gen,Email Marketing," $1,343.85 "," $3,295.68 ",14524%,9929,250,,
04/08/2025,Brand Awareness,Meta Ads," $2,013.38 "," $3,647.47 ",8116%,4552,433,,
04/08/2025,Product Launch,Email Marketing, $664.58 ," $2,937.79 ",34205%,5239,314,,
04/08/2025,Holiday Promo,TikTok Ads," $2,159.25 "," $7,604.71 ",25219%,4660,266,,
04/08/2025,Lead Gen,Google Ads," $2,051.31 "," $3,473.97 ",6935%,3441,227,,
04/08/2025,Retargeting,LinkedIn Ads," $2,779.34 "," $8,936.69 ",22154%,7395,73,,
05/08/2025,Retargeting,Google Ads, $425.24 ," $1,300.27 ",20577%,853,465,,
05/08/2025,Retargeting,Email Marketing," $1,843.94 "," $7,543.21 ",30908%,539,401,,
05/08/2025,Holiday Promo,TikTok Ads," $2,765.00 "," $8,500.45 ",20743%,3173,309,,
05/08/2025,Holiday Promo,LinkedIn Ads," $1,813.49 "," $6,223.07 ",24315%,3070,250,,
05/08/2025,Product Launch,Meta Ads," $1,890.40 "," $4,129.34 ",11844%,623,56,,
06/08/2025,Brand Awareness,Email Marketing," $1,007.01 "," $4,501.48 ",34701%,6761,426,,
06/08/2025,Holiday Promo,TikTok Ads," $2,621.75 "," $12,946.94 ",39383%,218,346,,
06/08/2025,Retargeting,Google Ads," $2,913.35 "," $8,611.56 ",19559%,7900,188,,
06/08/2025,Holiday Promo,Meta Ads," $2,076.37 "," $6,166.97 ",19701%,2834,178,,
06/08/2025,Holiday Promo,LinkedIn Ads," $1,473.51 "," $3,816.50 ",15901%,5353,139,,
07/08/2025,Brand Awareness,Email Marketing," $2,797.48 "," $11,756.34 ",32025%,7378,460,,
07/08/2025,Product Launch,LinkedIn Ads, $280.83 , $528.25 ,8810%,4120,373,,
07/08/2025,Holiday Promo,Google Ads," $1,357.09 "," $3,739.67 ",17557%,3273,275,,
07/08/2025,Lead Gen,Meta Ads," $1,951.14 "," $4,581.94 ",13483%,1045,114,,
07/08/2025,Brand Awareness,TikTok Ads, $238.29 , $516.19 ,11662%,6884,57,,
08/08/2025,Brand Awareness,LinkedIn Ads," $1,274.04 "," $6,346.12 ",39811%,8527,392,,
08/08/2025,Holiday Promo,Google Ads," $1,492.05 "," $7,129.34 ",37782%,2124,341,,
08/08/2025,Holiday Promo,Meta Ads," $2,811.43 "," $11,901.54 ",32333%,4981,270,,
08/08/2025,Product Launch,TikTok Ads, $973.49 ," $5,078.96 ",42173%,6998,184,,
08/08/2025,Lead Gen,Email Marketing," $2,537.23 "," $8,028.26 ",21642%,7936,134,,
09/08/2025,Lead Gen,LinkedIn Ads," $1,474.96 "," $2,966.45 ",10112%,5472,455,,
09/08/2025,Product Launch,Meta Ads," $1,823.79 "," $3,353.88 ",8390%,8222,453,,
09/08/2025,Brand Awareness,TikTok Ads," $1,801.03 "," $8,167.39 ",35348%,4026,448,,
09/08/2025,Holiday Promo,Email Marketing," $1,556.16 "," $6,972.15 ",34804%,5646,292,,
09/08/2025,Product Launch,Google Ads, $948.08 ," $4,097.62 ",33220%,242,154,,
10/08/2025,Holiday Promo,Google Ads," $1,090.89 "," $5,593.81 ",41277%,7949,371,,
10/08/2025,Lead Gen,Meta Ads," $1,281.02 "," $6,851.85 ",43487%,2692,263,,
10/08/2025,Holiday Promo,Email Marketing," $1,606.42 "," $7,935.25 ",39397%,9869,179,,
10/08/2025,Retargeting,TikTok Ads," $2,638.61 "," $8,493.18 ",22188%,2729,48,,
10/08/2025,Holiday Promo,LinkedIn Ads, $479.19 ," $2,063.64 ",33065%,7686,17,,
11/08/2025,Retargeting,TikTok Ads," $1,442.30 "," $1,910.29 ",3245%,5106,472,,
11/08/2025,Retargeting,Google Ads," $1,147.97 "," $1,774.02 ",5454%,6712,342,,
11/08/2025,Retargeting,Email Marketing," $2,642.67 "," $3,948.70 ",4942%,788,326,,
11/08/2025,Brand Awareness,LinkedIn Ads," $2,992.79 "," $16,181.57 ",44069%,1680,232,,
11/08/2025,Holiday Promo,Meta Ads," $2,586.56 "," $13,716.01 ",43028%,8942,204,,
12/08/2025,Lead Gen,LinkedIn Ads," $2,112.78 "," $7,833.29 ",27076%,8353,477,,
12/08/2025,Product Launch,Email Marketing, $675.95 ," $3,342.31 ",39446%,1493,322,,
12/08/2025,Lead Gen,Meta Ads, $883.75 ," $3,651.43 ",31317%,6951,299,,
12/08/2025,Brand Awareness,TikTok Ads," $1,491.22 "," $3,426.68 ",12979%,4361,245,,
12/08/2025,Lead Gen,Google Ads," $2,429.20 "," $6,830.47 ",18118%,5006,193,,
13/08/2025,Product Launch,Meta Ads, $642.33 ," $1,725.25 ",16859%,7437,493,,
13/08/2025,Product Launch,Google Ads," $2,716.94 "," $6,620.68 ",14368%,7822,471,,
13/08/2025,Lead Gen,LinkedIn Ads, $757.81 ," $2,483.95 ",22778%,6502,446,,
13/08/2025,Retargeting,Email Marketing," $1,037.63 "," $2,361.05 ",12754%,7151,363,,
13/08/2025,Retargeting,TikTok Ads," $1,267.82 "," $3,134.37 ",14723%,6081,304,,
14/08/2025,Retargeting,Meta Ads," $2,749.73 "," $13,990.26 ",40879%,8338,436,,
14/08/2025,Lead Gen,LinkedIn Ads," $1,982.53 "," $8,820.24 ",34490%,4306,357,,
14/08/2025,Lead Gen,Email Marketing," $2,372.07 "," $11,026.11 ",36483%,3970,320,,
14/08/2025,Brand Awareness,TikTok Ads," $1,959.09 "," $8,994.23 ",35910%,845,168,,
14/08/2025,Brand Awareness,Google Ads, $261.43 , $322.82 ,2348%,6684,150,,
15/08/2025,Holiday Promo,LinkedIn Ads," $2,525.32 "," $11,985.59 ",37462%,4410,477,,
15/08/2025,Brand Awareness,TikTok Ads," $2,908.68 "," $14,376.75 ",39427%,5035,392,,
15/08/2025,Retargeting,Email Marketing," $2,654.09 "," $8,911.68 ",23577%,6194,281,,
15/08/2025,Product Launch,Meta Ads," $2,292.95 "," $4,054.59 ",7683%,3077,112,,
15/08/2025,Retargeting,Google Ads," $1,822.81 "," $9,317.11 ",41114%,2353,56,,
16/08/2025,Retargeting,Meta Ads," $2,608.39 "," $12,154.38 ",36597%,6711,443,,
16/08/2025,Retargeting,LinkedIn Ads," $1,473.40 "," $4,182.11 ",18384%,4495,309,,
16/08/2025,Product Launch,TikTok Ads, $503.37 , $658.21 ,3076%,4030,251,,
16/08/2025,Lead Gen,Google Ads," $1,511.33 "," $6,714.61 ",34428%,1433,82,,
16/08/2025,Brand Awareness,Email Marketing, $452.85 ," $1,058.39 ",13372%,6664,17,,
17/08/2025,Lead Gen,Meta Ads," $2,746.29 "," $8,117.13 ",19557%,5151,342,,
17/08/2025,Holiday Promo,Google Ads," $1,118.42 "," $1,646.13 ",4718%,3826,341,,
17/08/2025,Lead Gen,TikTok Ads," $2,077.36 "," $7,739.34 ",27256%,9050,224,,
17/08/2025,Brand Awareness,Email Marketing, $326.97 ," $1,792.61 ",44825%,809,165,,
17/08/2025,Retargeting,LinkedIn Ads, $472.14 ," $1,355.60 ",18712%,9007,79,,
18/08/2025,Retargeting,Email Marketing," $1,441.47 "," $3,977.81 ",17596%,4068,447,,
18/08/2025,Holiday Promo,Google Ads," $2,679.16 "," $8,852.46 ",23042%,1822,436,,
18/08/2025,Product Launch,TikTok Ads," $2,910.98 "," $11,789.19 ",30499%,7650,56,,
18/08/2025,Lead Gen,LinkedIn Ads," $1,724.50 "," $5,021.74 ",19120%,6076,41,,
18/08/2025,Lead Gen,Meta Ads," $2,829.35 "," $11,793.32 ",31682%,4783,26,,
19/08/2025,Retargeting,Email Marketing, $780.04 ," $3,853.16 ",39397%,3738,426,,
19/08/2025,Lead Gen,Google Ads," $2,919.06 "," $7,689.06 ",16341%,1028,412,,
19/08/2025,Brand Awareness,TikTok Ads," $2,965.08 "," $13,739.02 ",36336%,9050,138,,
19/08/2025,Product Launch,Meta Ads," $2,403.54 "," $11,460.60 ",37682%,3562,45,,
19/08/2025,Lead Gen,LinkedIn Ads," $2,368.23 "," $5,665.47 ",13923%,9964,11,,
20/08/2025,Product Launch,TikTok Ads," $1,610.75 "," $7,357.71 ",35679%,910,382,,
20/08/2025,Holiday Promo,LinkedIn Ads," $1,455.17 "," $5,460.91 ",27528%,6131,272,,
20/08/2025,Lead Gen,Meta Ads," $1,848.79 "," $4,328.17 ",13411%,458,99,,
20/08/2025,Lead Gen,Google Ads," $2,050.96 "," $2,592.21 ",2639%,622,77,,
20/08/2025,Holiday Promo,Email Marketing," $2,276.81 "," $10,032.45 ",34064%,8819,68,,
21/08/2025,Holiday Promo,LinkedIn Ads, $553.34 ," $2,358.48 ",32623%,9790,290,,
21/08/2025,Holiday Promo,Meta Ads," $1,393.57 "," $5,941.24 ",32633%,1968,261,,
21/08/2025,Brand Awareness,Email Marketing, $405.77 ," $1,548.29 ",28157%,1523,174,,
21/08/2025,Product Launch,TikTok Ads," $2,984.96 "," $9,405.54 ",21510%,8892,160,,
21/08/2025,Holiday Promo,Google Ads," $1,044.56 "," $5,738.73 ",44939%,710,41,,
22/08/2025,Product Launch,Google Ads," $1,404.56 "," $5,639.68 ",30153%,2074,446,,
22/08/2025,Lead Gen,LinkedIn Ads," $1,075.14 "," $2,468.55 ",12960%,5320,350,,
22/08/2025,Lead Gen,Meta Ads," $2,218.35 "," $6,969.36 ",21417%,3722,230,,
22/08/2025,Brand Awareness,Email Marketing," $1,358.68 "," $4,060.76 ",19888%,7630,214,,
22/08/2025,Brand Awareness,TikTok Ads," $2,123.10 "," $3,380.54 ",5923%,7970,44,,
23/08/2025,Retargeting,Meta Ads," $1,757.84 "," $6,354.28 ",26148%,9808,499,,
23/08/2025,Lead Gen,Google Ads, $461.04 ," $2,017.89 ",33768%,1782,391,,
23/08/2025,Holiday Promo,Email Marketing," $2,076.04 "," $10,289.92 ",39565%,6930,191,,
23/08/2025,Retargeting,LinkedIn Ads," $2,630.66 "," $9,948.53 ",27818%,1042,157,,
23/08/2025,Holiday Promo,TikTok Ads, $490.08 , $914.17 ,8653%,8513,118,,
24/08/2025,Holiday Promo,TikTok Ads," $1,182.87 "," $2,148.07 ",8160%,3172,455,,
24/08/2025,Retargeting,LinkedIn Ads, $281.07 ," $1,258.73 ",34784%,4677,369,,
24/08/2025,Holiday Promo,Meta Ads, $521.68 ," $1,133.34 ",11725%,4764,303,,
24/08/2025,Retargeting,Google Ads, $827.89 ," $4,002.94 ",38351%,1973,189,,
24/08/2025,Retargeting,Email Marketing," $2,566.43 "," $9,800.37 ",28187%,9321,23,,
25/08/2025,Holiday Promo,LinkedIn Ads, $635.62 , $985.72 ,5508%,1015,355,,
25/08/2025,Retargeting,TikTok Ads," $2,053.43 "," $6,367.26 ",21008%,8157,320,,
25/08/2025,Brand Awareness,Email Marketing," $2,220.47 "," $3,475.74 ",5653%,9499,315,,
25/08/2025,Retargeting,Meta Ads," $1,253.34 "," $2,352.34 ",8769%,7632,184,,
25/08/2025,Lead Gen,Google Ads, $394.84 ," $1,740.57 ",34083%,702,56,,
26/08/2025,Retargeting,LinkedIn Ads," $1,043.97 "," $1,868.82 ",7901%,3660,402,,
26/08/2025,Lead Gen,Email Marketing, $327.17 , $469.67 ,4356%,6675,316,,
26/08/2025,Retargeting,Meta Ads, $993.09 ," $3,441.87 ",24658%,9917,259,,
26/08/2025,Brand Awareness,Google Ads, $803.59 ," $2,157.03 ",16842%,8594,68,,
26/08/2025,Holiday Promo,TikTok Ads," $1,010.45 "," $3,373.65 ",23388%,2165,13,,
27/08/2025,Retargeting,Email Marketing," $1,421.41 "," $2,181.59 ",5348%,7732,481,,
27/08/2025,Product Launch,Google Ads, $691.95 ," $2,924.03 ",32258%,6429,282,,
27/08/2025,Holiday Promo,LinkedIn Ads," $1,812.13 "," $7,703.08 ",32508%,9594,217,,
27/08/2025,Brand Awareness,Meta Ads," $1,764.43 "," $5,129.91 ",19074%,6002,46,,
27/08/2025,Lead Gen,TikTok Ads," $1,010.64 "," $5,411.63 ",43547%,6836,20,,
28/08/2025,Retargeting,TikTok Ads," $1,685.69 "," $7,649.29 ",35378%,3376,473,,
28/08/2025,Retargeting,Email Marketing," $1,667.10 "," $4,224.73 ",15342%,6684,455,,
28/08/2025,Retargeting,Google Ads," $2,443.70 "," $10,178.80 ",31653%,7738,435,,
28/08/2025,Holiday Promo,Meta Ads, $446.76 ," $1,373.08 ",20734%,1934,134,,
28/08/2025,Brand Awareness,LinkedIn Ads, $820.40 ," $2,785.32 ",23951%,2954,49,,
29/08/2025,Brand Awareness,Meta Ads, $752.36 ," $3,358.80 ",34644%,2704,399,,
29/08/2025,Product Launch,LinkedIn Ads," $1,456.93 "," $5,728.33 ",29318%,9448,339,,
29/08/2025,Product Launch,Email Marketing, $696.01 ," $3,093.15 ",34441%,8295,247,,
29/08/2025,Retargeting,Google Ads," $2,236.66 "," $3,672.73 ",6421%,2619,130,,
29/08/2025,Holiday Promo,TikTok Ads," $1,104.98 "," $3,415.47 ",20910%,5379,87,,
30/08/2025,Brand Awareness,Google Ads," $1,438.18 "," $3,424.45 ",13811%,5161,417,,
30/08/2025,Product Launch,TikTok Ads," $2,871.85 "," $14,672.04 ",41089%,872,240,,
30/08/2025,Product Launch,LinkedIn Ads," $1,922.02 "," $6,130.59 ",21897%,8507,206,,
30/08/2025,Brand Awareness,Meta Ads," $1,185.44 "," $3,776.21 ",21855%,1415,168,,
30/08/2025,Brand Awareness,Email Marketing, $359.29 ," $1,427.12 ",29721%,4903,49,,
31/08/2025,Holiday Promo,TikTok Ads, $644.49 ," $1,557.37 ",14164%,6308,479,,
31/08/2025,Lead Gen,Google Ads," $2,025.14 "," $6,571.99 ",22452%,5467,319,,
31/08/2025,Brand Awareness,Email Marketing," $2,950.68 "," $11,738.83 ",29783%,1581,268,,
31/08/2025,Product Launch,LinkedIn Ads, $893.68 ," $3,086.32 ",24535%,7372,234,,
31/08/2025,Retargeting,Meta Ads," $2,881.62 "," $13,506.61 ",36872%,7581,62,,
01/09/2025,Holiday Promo,LinkedIn Ads," $2,766.89 "," $11,630.52 ",32035%,5282,345,,
01/09/2025,Retargeting,Meta Ads, $384.55 ," $1,583.20 ",31170%,1748,295,,
01/09/2025,Lead Gen,Email Marketing, $905.59 ," $1,404.08 ",5505%,2663,180,,
01/09/2025,Retargeting,TikTok Ads, $561.06 ," $2,021.70 ",26034%,1588,168,,
01/09/2025,Retargeting,Google Ads," $2,368.50 "," $10,880.12 ",35937%,9995,36,,
02/09/2025,Product Launch,LinkedIn Ads, $633.85 ," $2,908.68 ",35889%,5046,442,,
02/09/2025,Lead Gen,Meta Ads," $1,623.77 "," $4,105.09 ",15281%,498,195,,
02/09/2025,Lead Gen,Email Marketing," $1,156.85 "," $2,515.15 ",11741%,8167,108,,
02/09/2025,Holiday Promo,Google Ads," $2,476.92 "," $9,852.96 ",29779%,8824,57,,
02/09/2025,Product Launch,TikTok Ads," $2,358.45 "," $9,542.99 ",30463%,8826,29,,
03/09/2025,Holiday Promo,Meta Ads," $2,465.32 "," $7,598.11 ",20820%,2912,379,,
03/09/2025,Holiday Promo,Email Marketing," $1,220.04 "," $4,667.34 ",28256%,4091,237,,
03/09/2025,Product Launch,TikTok Ads," $2,731.13 "," $11,243.30 ",31167%,3378,198,,
03/09/2025,Holiday Promo,LinkedIn Ads, $855.21 ," $4,577.14 ",43521%,4118,168,,
03/09/2025,Product Launch,Google Ads, $566.94 ," $1,075.86 ",8977%,6372,88,,
04/09/2025,Holiday Promo,Google Ads," $2,956.43 "," $7,129.78 ",14116%,7764,403,,
04/09/2025,Brand Awareness,LinkedIn Ads," $1,752.71 "," $8,478.45 ",38373%,1880,374,,
04/09/2025,Product Launch,TikTok Ads, $998.18 ," $3,126.37 ",21321%,2826,149,,
04/09/2025,Product Launch,Meta Ads," $1,608.14 "," $7,578.57 ",37126%,7059,92,,
04/09/2025,Retargeting,Email Marketing, $587.52 ," $2,324.86 ",29571%,4296,36,,
05/09/2025,Brand Awareness,Meta Ads," $2,486.77 "," $3,269.31 ",3147%,5927,486,,
05/09/2025,Retargeting,LinkedIn Ads," $1,249.76 "," $6,501.94 ",42026%,661,173,,
05/09/2025,Brand Awareness,Email Marketing," $1,310.07 "," $3,747.47 ",18605%,6326,130,,
05/09/2025,Lead Gen,Google Ads, $612.58 ," $3,228.04 ",42696%,7367,56,,
05/09/2025,Holiday Promo,TikTok Ads," $2,415.87 "," $5,879.22 ",14336%,2454,29,,
06/09/2025,Product Launch,TikTok Ads," $1,479.92 "," $7,535.95 ",40921%,2016,438,,
06/09/2025,Holiday Promo,Google Ads," $2,149.00 "," $9,098.45 ",32338%,2473,398,,
06/09/2025,Retargeting,Email Marketing," $1,736.65 "," $2,914.28 ",6781%,8847,226,,
06/09/2025,Product Launch,LinkedIn Ads, $865.39 ," $1,925.74 ",12253%,2196,34,,
06/09/2025,Lead Gen,Meta Ads," $1,922.98 "," $4,423.76 ",13005%,1498,19,,
07/09/2025,Holiday Promo,TikTok Ads," $1,751.63 "," $5,643.02 ",22216%,6597,457,,
07/09/2025,Product Launch,Meta Ads," $1,015.56 "," $2,759.39 ",17171%,225,324,,
07/09/2025,Lead Gen,Google Ads," $1,700.95 "," $3,810.70 ",12403%,8643,304,,
07/09/2025,Brand Awareness,Email Marketing," $1,366.39 "," $7,366.23 ",43910%,1602,278,,
07/09/2025,Product Launch,LinkedIn Ads," $2,869.53 "," $13,146.96 ",35816%,9114,269,,
08/09/2025,Retargeting,Meta Ads," $1,165.45 "," $4,314.71 ",27022%,1898,405,,
08/09/2025,Brand Awareness,Google Ads," $2,946.91 "," $3,742.11 ",2698%,4355,392,,
08/09/2025,Holiday Promo,TikTok Ads," $2,472.19 "," $11,217.86 ",35376%,1233,376,,
08/09/2025,Lead Gen,LinkedIn Ads," $2,525.07 "," $8,225.88 ",22577%,7812,366,,
08/09/2025,Lead Gen,Email Marketing, $573.55 ," $1,523.21 ",16558%,5972,289,,
09/09/2025,Retargeting,LinkedIn Ads," $1,199.53 "," $4,821.68 ",30196%,983,453,,
09/09/2025,Retargeting,Email Marketing," $1,525.52 "," $6,074.12 ",29817%,799,395,,
09/09/2025,Product Launch,Meta Ads," $1,083.67 "," $3,156.04 ",19124%,5280,273,,
09/09/2025,Holiday Promo,TikTok Ads, $548.53 ," $2,756.25 ",40248%,6229,233,,
09/09/2025,Brand Awareness,Google Ads, $303.55 ," $1,396.87 ",36018%,3502,32,,
10/09/2025,Retargeting,Meta Ads," $2,137.79 "," $9,894.44 ",36283%,6218,483,,
10/09/2025,Holiday Promo,Google Ads," $2,704.98 "," $14,571.76 ",43870%,6534,183,,
10/09/2025,Retargeting,TikTok Ads," $1,058.19 "," $4,408.41 ",31660%,7181,95,,
10/09/2025,Retargeting,LinkedIn Ads," $1,727.33 "," $2,667.51 ",5443%,5462,62,,
10/09/2025,Lead Gen,Email Marketing," $2,443.21 "," $7,455.73 ",20516%,7155,50,,
11/09/2025,Product Launch,Email Marketing," $1,217.27 "," $1,623.72 ",3339%,2821,497,,
11/09/2025,Retargeting,Google Ads," $1,451.96 "," $7,974.23 ",44920%,5976,324,,
11/09/2025,Product Launch,TikTok Ads," $2,379.84 "," $6,773.68 ",18463%,6201,195,,
11/09/2025,Holiday Promo,Meta Ads," $1,990.51 "," $8,133.40 ",30861%,1139,48,,
11/09/2025,Lead Gen,LinkedIn Ads," $2,098.65 "," $3,657.50 ",7428%,7379,27,,
12/09/2025,Product Launch,TikTok Ads, $529.73 ," $1,652.21 ",21190%,4464,370,,
12/09/2025,Retargeting,Google Ads, $290.68 , $911.19 ,21347%,2713,357,,
12/09/2025,Retargeting,Meta Ads," $1,241.64 "," $2,225.13 ",7921%,1459,303,,
12/09/2025,Product Launch,LinkedIn Ads," $2,259.89 "," $6,472.43 ",18640%,8376,275,,
12/09/2025,Brand Awareness,Email Marketing," $1,314.50 "," $7,006.60 ",43302%,4766,137,,
13/09/2025,Lead Gen,LinkedIn Ads," $2,583.81 "," $7,116.89 ",17544%,3052,416,,
13/09/2025,Holiday Promo,TikTok Ads, $539.81 , $970.13 ,7972%,3492,415,,
13/09/2025,Retargeting,Email Marketing," $2,069.95 "," $7,309.69 ",25313%,1263,291,,
13/09/2025,Brand Awareness,Google Ads, $999.62 ," $1,726.68 ",7273%,8247,112,,
13/09/2025,Retargeting,Meta Ads," $1,465.72 "," $6,867.20 ",36852%,7492,54,,
14/09/2025,Lead Gen,Email Marketing," $1,671.95 "," $6,139.52 ",26721%,6908,431,,
14/09/2025,Lead Gen,TikTok Ads," $1,164.64 "," $4,341.17 ",27275%,9232,337,,
14/09/2025,Product Launch,Google Ads, $273.60 , $762.34 ,17863%,9277,303,,
14/09/2025,Product Launch,LinkedIn Ads," $2,922.66 "," $9,361.52 ",22031%,1415,240,,
14/09/2025,Holiday Promo,Meta Ads, $563.36 ," $1,425.27 ",15299%,1612,43,,
15/09/2025,Brand Awareness,Email Marketing," $1,168.86 "," $2,830.29 ",14214%,8701,468,,
15/09/2025,Lead Gen,Google Ads," $1,411.33 "," $2,447.09 ",7339%,1107,435,,
15/09/2025,Product Launch,TikTok Ads," $1,920.40 "," $7,597.57 ",29562%,1730,267,,
15/09/2025,Lead Gen,Meta Ads," $1,051.55 "," $5,488.43 ",42194%,2853,175,,
15/09/2025,Retargeting,LinkedIn Ads, $901.69 ," $1,567.35 ",7382%,9224,150,,
16/09/2025,Product Launch,LinkedIn Ads," $1,366.44 "," $6,863.20 ",40227%,696,264,,
16/09/2025,Holiday Promo,TikTok Ads," $1,011.08 "," $2,277.94 ",12530%,5149,257,,
16/09/2025,Product Launch,Email Marketing, $427.42 ," $1,709.62 ",29999%,9649,145,,
16/09/2025,Product Launch,Google Ads," $2,836.50 "," $11,438.33 ",30326%,2726,97,,
16/09/2025,Brand Awareness,Meta Ads," $1,145.33 "," $5,438.62 ",37485%,9434,31,,
17/09/2025,Product Launch,LinkedIn Ads," $2,931.05 "," $8,187.37 ",17933%,2342,399,,
17/09/2025,Retargeting,Email Marketing," $1,075.23 "," $5,858.39 ",44485%,5431,385,,
17/09/2025,Holiday Promo,Google Ads," $1,032.81 "," $1,505.45 ",4576%,1395,362,,
17/09/2025,Holiday Promo,TikTok Ads, $497.32 , $858.79 ,7268%,4160,248,,
17/09/2025,Lead Gen,Meta Ads," $1,363.74 "," $3,631.41 ",16628%,7809,114,,
18/09/2025,Holiday Promo,TikTok Ads," $1,592.64 "," $4,604.23 ",18909%,1675,493,,
18/09/2025,Lead Gen,Email Marketing," $2,477.74 "," $6,305.04 ",15447%,9664,379,,
18/09/2025,Retargeting,LinkedIn Ads," $1,595.14 "," $5,335.21 ",23447%,8633,249,,
18/09/2025,Lead Gen,Meta Ads," $2,619.66 "," $13,987.80 ",43395%,7050,137,,
18/09/2025,Holiday Promo,Google Ads, $894.17 ," $2,188.85 ",14479%,1786,35,,
19/09/2025,Holiday Promo,Meta Ads, $987.80 ," $4,765.40 ",38243%,9989,461,,
19/09/2025,Lead Gen,Email Marketing," $1,000.10 "," $1,662.40 ",6622%,333,443,,
19/09/2025,Brand Awareness,LinkedIn Ads," $2,670.88 "," $7,836.34 ",19340%,6192,401,,
19/09/2025,Brand Awareness,Google Ads," $2,906.72 "," $7,898.86 ",17174%,3724,308,,
19/09/2025,Product Launch,TikTok Ads," $1,321.63 "," $2,692.18 ",10370%,9543,297,,
20/09/2025,Holiday Promo,TikTok Ads, $308.96 ," $1,000.13 ",22371%,5656,421,,
20/09/2025,Lead Gen,Email Marketing," $1,244.96 "," $6,520.45 ",42375%,5755,295,,
20/09/2025,Product Launch,Google Ads," $1,008.08 "," $3,161.87 ",21365%,6529,268,,
20/09/2025,Brand Awareness,LinkedIn Ads, $757.36 ," $2,537.41 ",23503%,8541,215,,
20/09/2025,Holiday Promo,Meta Ads, $983.22 ," $5,302.36 ",43929%,2146,75,,
21/09/2025,Holiday Promo,Email Marketing," $1,862.43 "," $6,316.94 ",23918%,8511,434,,
21/09/2025,Retargeting,Meta Ads," $1,091.88 "," $4,781.42 ",33791%,6638,325,,
21/09/2025,Retargeting,LinkedIn Ads," $2,184.47 "," $10,283.87 ",37077%,5111,253,,
21/09/2025,Brand Awareness,TikTok Ads," $1,127.47 "," $4,182.82 ",27099%,1995,223,,
21/09/2025,Product Launch,Google Ads, $617.03 ," $1,610.60 ",16102%,8646,81,,
22/09/2025,Product Launch,TikTok Ads," $1,372.58 "," $2,850.48 ",10767%,6965,363,,
22/09/2025,Product Launch,Google Ads," $1,871.35 "," $8,545.50 ",35665%,4550,345,,
22/09/2025,Product Launch,Meta Ads," $1,817.38 "," $5,935.44 ",22659%,1041,308,,
22/09/2025,Retargeting,LinkedIn Ads, $288.40 , $369.56 ,2814%,2000,107,,
22/09/2025,Lead Gen,Email Marketing," $1,961.27 "," $9,282.97 ",37331%,6429,85,,
23/09/2025,Product Launch,TikTok Ads," $1,908.21 "," $4,312.62 ",12600%,3350,500,,
23/09/2025,Product Launch,Email Marketing," $1,671.34 "," $3,250.23 ",9447%,5340,499,,
23/09/2025,Brand Awareness,Google Ads," $2,369.92 "," $11,489.42 ",38480%,7926,456,,
23/09/2025,Retargeting,LinkedIn Ads," $1,158.52 "," $5,236.00 ",35196%,6004,356,,
23/09/2025,Holiday Promo,Meta Ads," $2,176.17 "," $7,859.92 ",26118%,8698,116,,
24/09/2025,Retargeting,TikTok Ads," $1,013.27 "," $4,327.48 ",32708%,4912,499,,
24/09/2025,Lead Gen,LinkedIn Ads," $1,263.14 "," $3,390.37 ",16841%,6664,429,,
24/09/2025,Lead Gen,Google Ads," $1,035.80 "," $2,530.17 ",14427%,5076,404,,
24/09/2025,Product Launch,Meta Ads," $2,132.67 "," $6,959.23 ",22632%,8211,172,,
24/09/2025,Product Launch,Email Marketing," $2,814.36 "," $4,852.12 ",7241%,4680,157,,
25/09/2025,Retargeting,Meta Ads," $2,518.26 "," $9,107.73 ",26167%,4642,487,,
25/09/2025,Lead Gen,Google Ads," $2,787.23 "," $9,086.48 ",22600%,4401,392,,
25/09/2025,Brand Awareness,TikTok Ads," $2,208.60 "," $9,970.27 ",35143%,1847,358,,
25/09/2025,Product Launch,Email Marketing, $584.36 ," $1,310.47 ",12426%,9814,132,,
25/09/2025,Retargeting,LinkedIn Ads, $831.88 ," $1,356.67 ",6308%,4014,36,,
26/09/2025,Holiday Promo,TikTok Ads," $2,670.29 "," $13,763.82 ",41544%,3080,488,,
26/09/2025,Holiday Promo,LinkedIn Ads, $850.22 ," $4,389.11 ",41623%,811,477,,
26/09/2025,Product Launch,Email Marketing, $999.16 ," $4,501.73 ",35055%,1169,474,,
26/09/2025,Retargeting,Meta Ads," $1,536.86 "," $8,214.26 ",43448%,3467,397,,
26/09/2025,Holiday Promo,Google Ads," $2,900.65 "," $11,624.18 ",30074%,2787,218,,
27/09/2025,Retargeting,Google Ads," $2,406.29 "," $10,637.52 ",34207%,3252,489,,
27/09/2025,Retargeting,LinkedIn Ads," $1,668.09 "," $5,618.32 ",23681%,2398,445,,
27/09/2025,Holiday Promo,TikTok Ads, $739.87 ," $1,404.81 ",8987%,2045,179,,
27/09/2025,Brand Awareness,Meta Ads," $2,654.88 "," $9,669.70 ",26422%,351,162,,
27/09/2025,Product Launch,Email Marketing," $2,799.67 "," $8,829.32 ",21537%,5689,155,,
28/09/2025,Lead Gen,LinkedIn Ads, $717.39 ," $1,859.11 ",15915%,2503,254,,
28/09/2025,Brand Awareness,Email Marketing," $2,515.57 "," $3,956.92 ",5730%,8642,177,,
28/09/2025,Retargeting,TikTok Ads, $219.12 , $683.87 ,21210%,6484,130,,
28/09/2025,Holiday Promo,Meta Ads," $1,789.79 "," $6,849.71 ",28271%,3364,99,,
28/09/2025,Retargeting,Google Ads," $2,015.20 "," $8,801.30 ",33675%,3250,17,,
