Lead_ID,Company,Contact_Name,Email,Lead_Source,Funnel_Stage,Conversion_Status,Estimated_Deal_Value_USD
L0001,NovaTech,Sophia Brown,sophia.brown@novatech.com,Cold Outreach,Proposal Sent,Pending,34945.66
L0002,AlphaCore,John Okafor,john.okafor@alphacore.com,Referral,Proposal Sent,Pending,34617.61
L0003,Vertex Solutions,Tunde Okafor,tunde.okafor@vertexsolutions.com,Email Campaign,Proposal Sent,Converted,11737.3
L0004,InnovaCorp,David Taylor,david.taylor@innovacorp.com,Cold Outreach,Negotiation,Lost,19307.62
L0005,Skyline Ventures,Ada Williams,ada.williams@skylineventures.com,Email Campaign,Closed Lost,Converted,26749.83
L0006,BluePeak,Sophia Okafor,sophia.okafor@bluepeak.com,Email Campaign,New Lead,Lost,10905.68
L0007,PrimeEdge,David Smith,david.smith@primeedge.com,Google Ads,Closed Won,Converted,34334.47
L0008,AlphaCore,Ada Okafor,ada.okafor@alphacore.com,Google Ads,New Lead,Converted,26149.14
L0009,AlphaCore,Ada Johnson,ada.johnson@alphacore.com,LinkedIn,Closed Lost,Lost,2066.75
L0010,Skyline Ventures,Tunde Johnson,tunde.johnson@skylineventures.com,Website,Closed Won,Converted,21761.17
L0011,BluePeak,Sarah Johnson,sarah.johnson@bluepeak.com,Website,Negotiation,Pending,21034.48
L0012,PrimeEdge,David Miller,david.miller@primeedge.com,Google Ads,Negotiation,Pending,19406.63
L0013,BluePeak,David Garcia,david.garcia@bluepeak.com,Email Campaign,Qualified,Pending,26913.28
L0014,NovaTech,Amaka Johnson,amaka.johnson@novatech.com,Google Ads,Proposal Sent,Lost,36235.6
L0015,Skyline Ventures,Michael Miller,michael.miller@skylineventures.com,Google Ads,Qualified,Pending,8600.95
L0016,NovaTech,Amaka Okafor,amaka.okafor@novatech.com,Google Ads,Closed Lost,Lost,38536.62
L0017,Skyline Ventures,John Williams,john.williams@skylineventures.com,Website,New Lead,Lost,2645.24
L0018,NovaTech,John Williams,john.williams@novatech.com,Google Ads,Negotiation,Converted,27448.23
L0019,Vertex Solutions,John Smith,john.smith@vertexsolutions.com,Cold Outreach,Qualified,Lost,16626.28
L0020,Vertex Solutions,Sophia Williams,sophia.williams@vertexsolutions.com,Cold Outreach,Qualified,Lost,11831.09
L0021,NovaTech,Tunde Brown,tunde.brown@novatech.com,Email Campaign,Closed Won,Lost,45667.31
L0022,NovaTech,Michael Taylor,michael.taylor@novatech.com,Cold Outreach,Proposal Sent,Lost,19676.58
L0023,BrightPath,Sophia Miller,sophia.miller@brightpath.com,LinkedIn,Qualified,Pending,10010.07
L0024,Skyline Ventures,Ada Williams,ada.williams@skylineventures.com,Cold Outreach,Proposal Sent,Converted,40483.03
L0025,BrightPath,John Miller,john.miller@brightpath.com,Email Campaign,Closed Won,Converted,20032.53
L0026,PrimeEdge,Tunde Williams,tunde.williams@primeedge.com,Website,Closed Lost,Pending,42509.54
L0027,NovaTech,Sarah Williams,sarah.williams@novatech.com,Google Ads,Proposal Sent,Lost,30643.5
L0028,Skyline Ventures,John Okafor,john.okafor@skylineventures.com,Cold Outreach,Closed Won,Lost,28383.67
L0029,PrimeEdge,Ada Williams,ada.williams@primeedge.com,Website,Proposal Sent,Converted,46920.83
L0030,Skyline Ventures,Sarah Taylor,sarah.taylor@skylineventures.com,Email Campaign,Closed Lost,Lost,11021.14
L0031,Vertex Solutions,Amaka Garcia,amaka.garcia@vertexsolutions.com,Google Ads,Negotiation,Lost,32787.35
L0032,PrimeEdge,Tunde Brown,tunde.brown@primeedge.com,Google Ads,Closed Won,Pending,5831.8
L0033,Skyline Ventures,Ada Garcia,ada.garcia@skylineventures.com,LinkedIn,Proposal Sent,Pending,3240.06
L0034,NovaTech,Amaka Smith,amaka.smith@novatech.com,Email Campaign,Proposal Sent,Lost,29378
L0035,InnovaCorp,Michael Brown,michael.brown@innovacorp.com,LinkedIn,Qualified,Converted,19612.15
L0036,PrimeEdge,Amaka Taylor,amaka.taylor@primeedge.com,Google Ads,Proposal Sent,Lost,32443.03
L0037,InnovaCorp,Ada Taylor,ada.taylor@innovacorp.com,LinkedIn,Closed Lost,Converted,7857.97
L0038,NovaTech,Ada Smith,ada.smith@novatech.com,Website,Closed Won,Converted,47314.22
L0039,BrightPath,John Johnson,john.johnson@brightpath.com,Cold Outreach,Qualified,Converted,4330.43
L0040,Skyline Ventures,David Johnson,david.johnson@skylineventures.com,Google Ads,Closed Won,Pending,3962.06
L0041,NovaTech,Ada Taylor,ada.taylor@novatech.com,Email Campaign,New Lead,Lost,21155.59
L0042,Vertex Solutions,John Brown,john.brown@vertexsolutions.com,Email Campaign,New Lead,Lost,34027.61
L0043,BluePeak,David Okafor,david.okafor@bluepeak.com,Referral,Closed Won,Converted,10404.67
L0044,Vertex Solutions,Tunde Garcia,tunde.garcia@vertexsolutions.com,Website,Negotiation,Pending,48005.59
L0045,Skyline Ventures,Ada Williams,ada.williams@skylineventures.com,Cold Outreach,Proposal Sent,Converted,33033.05
L0046,BrightPath,John Okafor,john.okafor@brightpath.com,Google Ads,Negotiation,Lost,24324.25
L0047,BluePeak,John Smith,john.smith@bluepeak.com,Google Ads,Negotiation,Lost,39434.44
L0048,Skyline Ventures,Sarah Johnson,sarah.johnson@skylineventures.com,Cold Outreach,Qualified,Lost,24299.51
L0049,Vertex Solutions,John Okafor,john.okafor@vertexsolutions.com,Email Campaign,Closed Won,Lost,2612.19
L0050,Skyline Ventures,Sophia Johnson,sophia.johnson@skylineventures.com,Referral,Closed Won,Lost,41224.22
L0051,InnovaCorp,Sarah Brown,sarah.brown@innovacorp.com,Referral,Closed Won,Lost,41897.88
L0052,BrightPath,Michael Garcia,michael.garcia@brightpath.com,Referral,Closed Lost,Lost,36484.01
L0053,BluePeak,Sophia Johnson,sophia.johnson@bluepeak.com,Referral,Negotiation,Converted,17689.04
L0054,NovaTech,Michael Garcia,michael.garcia@novatech.com,LinkedIn,Closed Lost,Pending,25039.57
L0055,BrightPath,Sophia Miller,sophia.miller@brightpath.com,Cold Outreach,Qualified,Lost,33372.92
L0056,Skyline Ventures,Sarah Brown,sarah.brown@skylineventures.com,Website,Closed Lost,Converted,14130.63
L0057,BrightPath,Michael Smith,michael.smith@brightpath.com,LinkedIn,Proposal Sent,Converted,5484.5
L0058,PrimeEdge,Tunde Taylor,tunde.taylor@primeedge.com,Website,Proposal Sent,Converted,5277.56
L0059,BrightPath,Michael Taylor,michael.taylor@brightpath.com,Website,New Lead,Converted,18341.8
L0060,BrightPath,Sarah Garcia,sarah.garcia@brightpath.com,LinkedIn,New Lead,Pending,20002.18
L0061,InnovaCorp,Sarah Williams,sarah.williams@innovacorp.com,Google Ads,Closed Lost,Converted,7803.16
L0062,AlphaCore,Tunde Brown,tunde.brown@alphacore.com,Website,Qualified,Converted,22299.14
L0063,AlphaCore,Michael Brown,michael.brown@alphacore.com,LinkedIn,New Lead,Pending,47266.89
L0064,AlphaCore,Ada Williams,ada.williams@alphacore.com,Referral,New Lead,Pending,1331.6
L0065,BrightPath,Michael Garcia,michael.garcia@brightpath.com,Google Ads,Proposal Sent,Pending,22100.19
L0066,PrimeEdge,David Brown,david.brown@primeedge.com,Cold Outreach,Closed Won,Converted,24471.48
L0067,PrimeEdge,David Miller,david.miller@primeedge.com,Cold Outreach,Proposal Sent,Lost,32012.22
L0068,BrightPath,Amaka Garcia,amaka.garcia@brightpath.com,Google Ads,Proposal Sent,Pending,6580.5
L0069,NovaTech,Amaka Smith,amaka.smith@novatech.com,Google Ads,Closed Lost,Lost,11272.77
L0070,BrightPath,Tunde Okafor,tunde.okafor@brightpath.com,Google Ads,Closed Lost,Converted,32033.47
L0071,InnovaCorp,Amaka Brown,amaka.brown@innovacorp.com,Google Ads,Closed Lost,Pending,4624.29
L0072,BrightPath,Ada Miller,ada.miller@brightpath.com,Website,Closed Won,Pending,35380.08
L0073,Skyline Ventures,Sarah Okafor,sarah.okafor@skylineventures.com,Cold Outreach,Closed Lost,Pending,9150.59
L0074,PrimeEdge,John Miller,john.miller@primeedge.com,Website,Negotiation,Converted,5831.72
L0075,AlphaCore,Amaka Williams,amaka.williams@alphacore.com,Google Ads,Proposal Sent,Pending,38844.77
L0076,NovaTech,David Garcia,david.garcia@novatech.com,Website,Negotiation,Pending,21382.8
L0077,InnovaCorp,Sarah Okafor,sarah.okafor@innovacorp.com,LinkedIn,Proposal Sent,Pending,23311.3
L0078,PrimeEdge,Amaka Taylor,amaka.taylor@primeedge.com,Website,Negotiation,Pending,36377.7
L0079,BluePeak,Ada Garcia,ada.garcia@bluepeak.com,Website,Proposal Sent,Lost,6639.18
L0080,InnovaCorp,Sophia Okafor,sophia.okafor@innovacorp.com,Referral,Closed Lost,Lost,9548.21
L0081,BrightPath,David Garcia,david.garcia@brightpath.com,Referral,Negotiation,Pending,31858.26
L0082,BrightPath,David Miller,david.miller@brightpath.com,Cold Outreach,New Lead,Lost,44271.77
L0083,BrightPath,Ada Miller,ada.miller@brightpath.com,Cold Outreach,New Lead,Converted,11083.44
L0084,InnovaCorp,Sarah Okafor,sarah.okafor@innovacorp.com,LinkedIn,Proposal Sent,Converted,23419.97
L0085,PrimeEdge,Tunde Taylor,tunde.taylor@primeedge.com,Google Ads,Closed Won,Lost,20234.66
L0086,PrimeEdge,Sarah Garcia,sarah.garcia@primeedge.com,Email Campaign,Negotiation,Converted,40873.17
L0087,InnovaCorp,Tunde Okafor,tunde.okafor@innovacorp.com,Website,Proposal Sent,Converted,15963.62
L0088,InnovaCorp,David Garcia,david.garcia@innovacorp.com,Google Ads,Closed Won,Pending,30224.87
L0089,InnovaCorp,Michael Miller,michael.miller@innovacorp.com,Cold Outreach,Negotiation,Lost,34978.21
L0090,AlphaCore,David Smith,david.smith@alphacore.com,Referral,Proposal Sent,Converted,16414.42
L0091,PrimeEdge,Ada Johnson,ada.johnson@primeedge.com,Google Ads,New Lead,Converted,10561.3
L0092,BrightPath,Michael Taylor,michael.taylor@brightpath.com,Google Ads,Closed Lost,Pending,35796.98
L0093,InnovaCorp,Ada Taylor,ada.taylor@innovacorp.com,Email Campaign,New Lead,Converted,39998.16
L0094,NovaTech,Amaka Brown,amaka.brown@novatech.com,Referral,Proposal Sent,Lost,15144.85
L0095,BluePeak,Ada Taylor,ada.taylor@bluepeak.com,Website,Closed Won,Pending,38980.54
L0096,AlphaCore,Sophia Johnson,sophia.johnson@alphacore.com,Referral,Closed Won,Pending,6018.41
L0097,NovaTech,Amaka Brown,amaka.brown@novatech.com,LinkedIn,Negotiation,Pending,43247.78
L0098,BluePeak,Sarah Taylor,sarah.taylor@bluepeak.com,Referral,Qualified,Lost,29808.27
L0099,InnovaCorp,Sophia Miller,sophia.miller@innovacorp.com,Referral,Closed Won,Converted,40862.96
L0100,Vertex Solutions,John Garcia,john.garcia@vertexsolutions.com,Email Campaign,Closed Won,Converted,16859.03
L0101,Vertex Solutions,Tunde Brown,tunde.brown@vertexsolutions.com,Cold Outreach,Closed Won,Converted,7643.86
L0102,Vertex Solutions,Michael Johnson,michael.johnson@vertexsolutions.com,Referral,Closed Lost,Lost,43437.86
L0103,PrimeEdge,Amaka Smith,amaka.smith@primeedge.com,Cold Outreach,Qualified,Pending,24983.48
L0104,BrightPath,Tunde Miller,tunde.miller@brightpath.com,Website,Negotiation,Lost,39935.33
L0105,Vertex Solutions,Sarah Miller,sarah.miller@vertexsolutions.com,LinkedIn,Closed Lost,Pending,47562.45
L0106,BluePeak,Sophia Johnson,sophia.johnson@bluepeak.com,Google Ads,Closed Lost,Lost,33543.05
L0107,BrightPath,Sophia Okafor,sophia.okafor@brightpath.com,Google Ads,Qualified,Converted,25241.03
L0108,PrimeEdge,Sophia Brown,sophia.brown@primeedge.com,Email Campaign,Closed Won,Converted,28740.96
L0109,NovaTech,Ada Garcia,ada.garcia@novatech.com,Website,New Lead,Lost,39410.6
L0110,BluePeak,Ada Johnson,ada.johnson@bluepeak.com,Google Ads,Qualified,Pending,1033.12
L0111,InnovaCorp,Michael Williams,michael.williams@innovacorp.com,LinkedIn,Closed Lost,Converted,43846.75
L0112,PrimeEdge,Tunde Okafor,tunde.okafor@primeedge.com,Website,Proposal Sent,Pending,33560.93
L0113,BrightPath,David Johnson,david.johnson@brightpath.com,LinkedIn,Closed Lost,Lost,35272.63
L0114,BluePeak,Amaka Miller,amaka.miller@bluepeak.com,Website,Closed Lost,Converted,11457.64
L0115,Skyline Ventures,Sarah Smith,sarah.smith@skylineventures.com,Cold Outreach,Closed Won,Pending,1455.06
L0116,BrightPath,Sophia Okafor,sophia.okafor@brightpath.com,Referral,Closed Lost,Pending,4470.59
L0117,BluePeak,Michael Okafor,michael.okafor@bluepeak.com,LinkedIn,New Lead,Pending,44168.46
L0118,InnovaCorp,David Miller,david.miller@innovacorp.com,Cold Outreach,Closed Lost,Converted,4352.17
L0119,AlphaCore,John Smith,john.smith@alphacore.com,Cold Outreach,Proposal Sent,Converted,31775.92
L0120,AlphaCore,David Miller,david.miller@alphacore.com,Website,Qualified,Converted,7860.64
L0121,PrimeEdge,Sarah Miller,sarah.miller@primeedge.com,LinkedIn,Negotiation,Converted,13141.53
L0122,Vertex Solutions,Sarah Williams,sarah.williams@vertexsolutions.com,Website,Closed Lost,Lost,43915.53
L0123,BrightPath,Amaka Williams,amaka.williams@brightpath.com,Cold Outreach,Proposal Sent,Converted,39406.28
L0124,BrightPath,Amaka Taylor,amaka.taylor@brightpath.com,Referral,New Lead,Pending,32266.03
L0125,PrimeEdge,Sarah Johnson,sarah.johnson@primeedge.com,Referral,Proposal Sent,Pending,43179.89
L0126,InnovaCorp,Michael Garcia,michael.garcia@innovacorp.com,Website,Negotiation,Converted,29780.81
L0127,Skyline Ventures,John Brown,john.brown@skylineventures.com,Website,New Lead,Pending,25823.92
L0128,BrightPath,Michael Miller,michael.miller@brightpath.com,Cold Outreach,New Lead,Lost,27345.11
L0129,BluePeak,David Brown,david.brown@bluepeak.com,Website,Proposal Sent,Lost,46125.32
L0130,BrightPath,David Garcia,david.garcia@brightpath.com,Cold Outreach,Closed Won,Lost,34371.73
L0131,BrightPath,Sarah Brown,sarah.brown@brightpath.com,Referral,Closed Lost,Converted,12979.51
L0132,AlphaCore,Michael Okafor,michael.okafor@alphacore.com,Email Campaign,Closed Won,Converted,16155.21
L0133,NovaTech,David Okafor,david.okafor@novatech.com,Referral,Closed Lost,Lost,1556.18
L0134,Vertex Solutions,Ada Garcia,ada.garcia@vertexsolutions.com,LinkedIn,Qualified,Converted,37739.04
L0135,NovaTech,Tunde Okafor,tunde.okafor@novatech.com,Google Ads,Proposal Sent,Pending,26668.86
L0136,AlphaCore,Tunde Okafor,tunde.okafor@alphacore.com,Email Campaign,Negotiation,Pending,3716.52
L0137,InnovaCorp,David Garcia,david.garcia@innovacorp.com,Website,Proposal Sent,Lost,34031.9
L0138,NovaTech,Sarah Williams,sarah.williams@novatech.com,Website,New Lead,Converted,3253.09
L0139,InnovaCorp,Sophia Miller,sophia.miller@innovacorp.com,Website,Qualified,Lost,40352.66
L0140,PrimeEdge,Michael Williams,michael.williams@primeedge.com,Google Ads,Qualified,Lost,16676.82
L0141,BluePeak,Sarah Garcia,sarah.garcia@bluepeak.com,Cold Outreach,Closed Won,Converted,9787.87
L0142,BluePeak,John Miller,john.miller@bluepeak.com,LinkedIn,Negotiation,Pending,17037.75
L0143,PrimeEdge,Ada Johnson,ada.johnson@primeedge.com,LinkedIn,Qualified,Lost,39440.85
L0144,PrimeEdge,Amaka Taylor,amaka.taylor@primeedge.com,Google Ads,Closed Won,Converted,36890.7
L0145,NovaTech,Amaka Smith,amaka.smith@novatech.com,Website,Negotiation,Converted,27535.71
L0146,NovaTech,John Garcia,john.garcia@novatech.com,Google Ads,Closed Lost,Lost,36633.54
L0147,Skyline Ventures,Sarah Williams,sarah.williams@skylineventures.com,Google Ads,Negotiation,Converted,48655.4
L0148,BluePeak,David Brown,david.brown@bluepeak.com,Referral,New Lead,Lost,21239.78
L0149,BluePeak,Sophia Taylor,sophia.taylor@bluepeak.com,Website,Closed Won,Lost,7542.18
L0150,NovaTech,Michael Okafor,michael.okafor@novatech.com,Cold Outreach,Negotiation,Converted,12601.82
